"path","bytes","sha256","evidence","reviewStatus","releaseUsage"
"assets/android-icon-background.png","17549","fb139c2dee362ebf2070e23b96da6fc0d43f8492de38b8af1fd7223e19b5861d","","unreviewed","verify against final export"
"assets/android-icon-foreground.png","78796","9e3d0315a33c6799de601dd34cd8bf8cc3a8d16f3bf75592baec2ceb7240b391","","unreviewed","verify against final export"
"assets/android-icon-monochrome.png","4140","6371fc2c12e33ad2215a86c281db3d682a81bebe7c957a842c13b8bf00cceb83","","unreviewed","verify against final export"
"assets/brand/lion-ball.png","2442920","58f19318f8ed50d9f01afbb7f4af350a9f9dede6bdcbf5b457952556cd724807","docs/BRAND-ARTWORK.md","unreviewed","verify against final export"
"assets/correct.wav","10186","d1dfc3720942ff0394ebb6e736205e9682623fd80ee32c6688b778b026fd9abf","","unreviewed","verify against final export"
"assets/crests/07elversberg.png","16723","de4b6e7e2373eb0a10d09351bf9ebcbb9bbb5e83facf697832707497dbc1ce8e","https://raw.githubusercontent.com/luukhopman/football-logos/master/logos/Germany%20-%20Bundesliga/SV%2007%20Elversberg.png","unreviewed","verify against final export"
"assets/crests/1fsvmainz05.png","18851","3b7bc54f1a701f3c17d64084ca4d34634da48c7fb6781bfed4409f101f74a838","https://raw.githubusercontent.com/luukhopman/football-logos/master/logos/Germany%20-%20Bundesliga/1.FSV%20Mainz%2005.png","unreviewed","verify against final export"
"assets/crests/1koln.png","24913","524dda6b95899ca20ffd70367fe69dee94b56aadba6c6920c9759d134aa97fb0","https://raw.githubusercontent.com/luukhopman/football-logos/master/logos/Germany%20-%20Bundesliga/1.FC%20K%C3%B6ln.png","unreviewed","verify against final export"
"assets/crests/1unionberlin.png","9510","feae734c99d0c15d9d6eaf146914bc09650715130ff04faa91bbfbc82efdde95","https://raw.githubusercontent.com/luukhopman/football-logos/master/logos/Germany%20-%20Bundesliga/1.FC%20Union%20Berlin.png","unreviewed","verify against final export"
"assets/crests/2603790.png","10001","82fddfb4df2aa1197602541bb7f49024e28764d494f09b4d60209bce71e98180","https://img.uefa.com/imgml/TP/teams/logos/240x240/2603790.png","unreviewed","verify against final export"
"assets/crests/2609356.png","15387","ec83054abfb93f4df48727fc1d8edd6b47e7a57b16764f9f5541cd6eeab91aad","https://img.uefa.com/imgml/TP/teams/logos/240x240/2609356.png","unreviewed","verify against final export"
"assets/crests/50037.png","39565","0623494a5737efccd113ff4da5a24ec6c9a18a3772bda0c08e189982b1a1255c","https://img.uefa.com/imgml/TP/teams/logos/240x240/50037.png","unreviewed","verify against final export"
"assets/crests/50043.png","28989","050625f1e9bc02d12fc5c8f7d01713dbe961b1063a9ec91ce6bb20b12db43e07","https://img.uefa.com/imgml/TP/teams/logos/240x240/50043.png","unreviewed","verify against final export"
"assets/crests/50051.png","16065","ec29b9620a25a2438f4ab6a839f68f2f0d3528763449298b2137418ef7ad4294","https://img.uefa.com/imgml/TP/teams/logos/240x240/50051.png","unreviewed","verify against final export"
"assets/crests/50062.png","11334","3107b3e11372bd5bd4ff7f3422163a31fe9027dcc8b8da7527a62fce5c66ff8e","https://img.uefa.com/imgml/TP/teams/logos/240x240/50062.png","unreviewed","verify against final export"
"assets/crests/50064.png","55135","73037462c3fdabefdc1b8f0b42b60d833821e46f6a5228095e12408548e75ee3","https://img.uefa.com/imgml/TP/teams/logos/240x240/50064.png","unreviewed","verify against final export"
"assets/crests/50067.png","15676","6e557411f5a5875e78c65ebc1c13b8d05c929fcc8977cf638150b5b4a10253f8","https://img.uefa.com/imgml/TP/teams/logos/240x240/50067.png","unreviewed","verify against final export"
"assets/crests/50080.png","12261","c940115df3d5c01e15c35de2b349ca09b1e8736c46cad32dae7a13890e4fb25d","https://img.uefa.com/imgml/TP/teams/logos/240x240/50080.png","unreviewed","verify against final export"
"assets/crests/50107.png","33017","62ff9c23776d767142a65ecf763878ac722a9b261eb131c8f1ab72ac957ecad5","https://img.uefa.com/imgml/TP/teams/logos/240x240/50107.png","unreviewed","verify against final export"
"assets/crests/50124.png","15516","39863d2c61f2f75a39a684f8496531d6a991e0116fbc2e682ce2785fab72e5d5","https://img.uefa.com/imgml/TP/teams/logos/240x240/50124.png","unreviewed","verify against final export"
"assets/crests/50129.png","8857","d98e7aa12a3310664116b86df656585f474b8465430fb2a0bee426dcec7e9e69","https://img.uefa.com/imgml/TP/teams/logos/240x240/50129.png","unreviewed","verify against final export"
"assets/crests/50136.png","18442","72f72b8b7e91d573f28e2f74bed34d78aa3e7ca4fdd37ac9738e8eefd0dfcfaa","https://img.uefa.com/imgml/TP/teams/logos/240x240/50136.png","unreviewed","verify against final export"
"assets/crests/50137.png","16161","cafddb407e9b63c93f60ddfce20fe36900b2e0134e98a446b84773e5c90f189e","https://img.uefa.com/imgml/TP/teams/logos/240x240/50137.png","unreviewed","verify against final export"
"assets/crests/50138.png","10062","cdde8798a1194d0de7fabd64a36ee09bf9736e1fd925c87c94aea4357ee172ae","https://img.uefa.com/imgml/TP/teams/logos/240x240/50138.png","unreviewed","verify against final export"
"assets/crests/50149.png","27943","3dfa42f201bff216cc39b7778555cb7b642e1a4c53a9c086450a5fc296f7f1f2","https://img.uefa.com/imgml/TP/teams/logos/240x240/50149.png","unreviewed","verify against final export"
"assets/crests/52265.png","6143","f860be2683770944ff06181bb831a424f0bdb39ffd6d23b878bc07dbe20acf5d","https://img.uefa.com/imgml/TP/teams/logos/240x240/52265.png","unreviewed","verify against final export"
"assets/crests/52277.png","9403","61f4d3a9f21133c2da0d88ef3fcfda11b78396814c92b33aa399099951754dc7","https://img.uefa.com/imgml/TP/teams/logos/240x240/52277.png","unreviewed","verify against final export"
"assets/crests/52280.png","11691","26a2266d73c5437831f310ef4f7a1936baead2f206d4f431c9d226bae130d4bc","https://img.uefa.com/imgml/TP/teams/logos/240x240/52280.png","unreviewed","verify against final export"
"assets/crests/52319.png","10273","97a345e7b8f47081681253a175021056b2bef2f06a4a6aa9226d0b2dc37d8551","https://img.uefa.com/imgml/TP/teams/logos/240x240/52319.png","unreviewed","verify against final export"
"assets/crests/52498.png","10949","41654d70dbde04ed1a98e2a933c641ead8386c231aea7768f788e1f5dc7b0158","https://img.uefa.com/imgml/TP/teams/logos/240x240/52498.png","unreviewed","verify against final export"
"assets/crests/52682.png","22898","9209db62375ec0f0bb2e9833ad9d9bd03e2fb312e48673ac0d29cfc3a0a5d31b","https://img.uefa.com/imgml/TP/teams/logos/240x240/52682.png","unreviewed","verify against final export"
"assets/crests/52683.png","34102","798f4f435779b5ed47150f0a517d0f6725bedff2ea1512f8d67cd495d1732001","https://img.uefa.com/imgml/TP/teams/logos/240x240/52683.png","unreviewed","verify against final export"
"assets/crests/52692.png","53441","afd8175cf111572c4c17438d4e2d1cb3e25238142bc7640abaec7a45bebff9c0","https://img.uefa.com/imgml/TP/teams/logos/240x240/52692.png","unreviewed","verify against final export"
"assets/crests/52707.png","20255","0ebe2565864135cfdb3aa42eeea173ca13924f52456a85d1249b7afc2c63456b","https://img.uefa.com/imgml/TP/teams/logos/240x240/52707.png","unreviewed","verify against final export"
"assets/crests/52747.png","12663","5d1e7fc0129dbcf34866a63509f7b2e4c1b34e91d6dec3729ddcffc4e2a83b46","https://img.uefa.com/imgml/TP/teams/logos/240x240/52747.png","unreviewed","verify against final export"
"assets/crests/52749.png","34286","523bfc3e534d2a91cce75a4c87377c3b8d852f1d651bfaaf3b9392c0c4a5a1f5","https://img.uefa.com/imgml/TP/teams/logos/240x240/52749.png","unreviewed","verify against final export"
"assets/crests/52758.png","9732","16b8d7623e072cf08f885de81e7fd4cbe9ddc4ab78af97a569be37a5c195678a","https://img.uefa.com/imgml/TP/teams/logos/240x240/52758.png","unreviewed","verify against final export"
"assets/crests/52797.png","10089","58bfe7c4f12f2e1c5aad498f0570915b8bf853a42ecd988742b95c4c1cf1dbd4","https://img.uefa.com/imgml/TP/teams/logos/240x240/52797.png","unreviewed","verify against final export"
"assets/crests/52919.png","19614","e3d61192d558eb556c4e73f4e9b6a495b12409b5bb1606d857847acb86f6e843","https://img.uefa.com/imgml/TP/teams/logos/240x240/52919.png","unreviewed","verify against final export"
"assets/crests/59333.png","17379","5e073f4b097fc00f99e6614e21bf9d21eb529f02ca0fda7cc37d4cc81d775f23","https://img.uefa.com/imgml/TP/teams/logos/240x240/59333.png","unreviewed","verify against final export"
"assets/crests/63405.png","3997","95469d3bbe1aac0df50df99cae1c9ea3e30a7b3c189d16b8f0ef108b0bdba009","https://img.uefa.com/imgml/TP/teams/logos/240x240/63405.png","unreviewed","verify against final export"
"assets/crests/70691.png","10834","9ce5ae71e88ce953e501d620945348e0369956a7d7990d5f3be3a7688c3f89bb","https://img.uefa.com/imgml/TP/teams/logos/240x240/70691.png","unreviewed","verify against final export"
"assets/crests/75797.png","8686","8d42a8907a8ebcc1bda37b6463b667913d6e24261af65f49186a1943ccf9918d","https://img.uefa.com/imgml/TP/teams/logos/240x240/75797.png","unreviewed","verify against final export"
"assets/crests/7889.png","19874","8d84cac10c382f50457fdca84817d97d1b28836a4a924a18ee60c654314592e8","https://img.uefa.com/imgml/TP/teams/logos/240x240/7889.png","unreviewed","verify against final export"
"assets/crests/79946.png","17059","9b48715e0708bebec6cdebc3bb9eaa1787658c2f05c84a7a8a1e08505b81023d","https://img.uefa.com/imgml/TP/teams/logos/240x240/79946.png","unreviewed","verify against final export"
"assets/crests/acffiorentina.png","19091","b1c2b9cc12b26e6187dbe761c9cb6c3cd8a07ec88ece0533e847de29f0c3f9e2","https://raw.githubusercontent.com/luukhopman/football-logos/master/logos/Italy%20-%20Serie%20A/ACF%20Fiorentina.png","unreviewed","verify against final export"
"assets/crests/aekathens.png","17023","4b72023cc40806239119d1a125f5483bf1c8de70e1d5fe1a17798f384205ff90","","unreviewed","verify against final export"
"assets/crests/arsenal.png","28744","a3ad4f044686b6292b8f9b8f2eae65109e3f1bf4b7677ce07be66c9927297c5f","","unreviewed","verify against final export"
"assets/crests/astonvilla.png","29845","00e19d2343f80ab3d1bc880eaf6dec2a1e2cba328112cda2b36f74e0d517d979","","unreviewed","verify against final export"
"assets/crests/atalantabc.png","18571","4c349dfb0de734061a42cbcd220235ede0f28fc3d738aa9312cb0faf692cec15","https://raw.githubusercontent.com/luukhopman/football-logos/master/logos/Italy%20-%20Serie%20A/Atalanta%20BC.png","unreviewed","verify against final export"
"assets/crests/athleticbilbao.png","17513","1b14204cc3afd47bea3f1588e5b26594cfd8395c628e61cdd537825188b1b57c","https://raw.githubusercontent.com/luukhopman/football-logos/master/logos/Spain%20-%20LaLiga/Athletic%20Bilbao.png","unreviewed","verify against final export"
"assets/crests/atleticodemadrid.png","19328","a111593f6c1570ce496624628233e84568741397d6d9764cc089f4fc1074b696","https://raw.githubusercontent.com/luukhopman/football-logos/master/logos/Spain%20-%20LaLiga/Atl%C3%A9tico%20de%20Madrid.png","unreviewed","verify against final export"
"assets/crests/augsburg.png","22691","4518b403505b7d71624f5a73538cefaa3c839f848df87cf4bd4e6dcb351c5f32","https://raw.githubusercontent.com/luukhopman/football-logos/master/logos/Germany%20-%20Bundesliga/FC%20Augsburg.png","unreviewed","verify against final export"
"assets/crests/barcelona.png","16512","115bad573e66f5c9b2e326a3ed6979c5fec2559c40d5ee2ef02a8e9774d24dc0","","unreviewed","verify against final export"
"assets/crests/bayer04leverkusen.png","20552","ae01f5b056005b708bfc6ec54710984ec1536520a0a0c4c1954462db69273398","https://raw.githubusercontent.com/luukhopman/football-logos/master/logos/Germany%20-%20Bundesliga/Bayer%2004%20Leverkusen.png","unreviewed","verify against final export"
"assets/crests/bayernmunich.png","24597","725c7d59e4bb089a3297fb8299ebe926f9c6bb1af46c2b45945698da9380a13d","","unreviewed","verify against final export"
"assets/crests/bodglimt.png","26620","44b88f1e57ab1aa90c1207a623897b6f6974a56287bd7b8f3fae13b77d3cb266","","unreviewed","verify against final export"
"assets/crests/bologna1909.png","18922","b467aaf0a4a898996d961e973cbfdf56c6b63fa50f0f973fd19131a6a734a93b","https://raw.githubusercontent.com/luukhopman/football-logos/master/logos/Italy%20-%20Serie%20A/Bologna%20FC%201909.png","unreviewed","verify against final export"
"assets/crests/borussiadortmund.png","16017","6224c00dc0376cf74d96d15ff04de65d35c729da8b0870276a54f02a7ce7729b","","unreviewed","verify against final export"
"assets/crests/borussiamonchengladbach.png","9887","3f6c21f0df011c65f54df1eccfd4e6edc336f4ff897e05961034f98231efd925","https://raw.githubusercontent.com/luukhopman/football-logos/master/logos/Germany%20-%20Bundesliga/Borussia%20M%C3%B6nchengladbach.png","unreviewed","verify against final export"
"assets/crests/bournemouth.png","26146","657f52dfba612dfaa8523f5da73ae67034c109301d65d1c144502acac87d7522","https://raw.githubusercontent.com/luukhopman/football-logos/master/logos/England%20-%20Premier%20League/AFC%20Bournemouth.png","unreviewed","verify against final export"
"assets/crests/brentford.png","29398","04be6116091082ae1354a645202d91394a0e0e9f36cedef4961b643c40b49749","https://raw.githubusercontent.com/luukhopman/football-logos/master/logos/England%20-%20Premier%20League/Brentford%20FC.png","unreviewed","verify against final export"
"assets/crests/brightonhovealbion.png","24561","bb32a56a98c55d52b3412e24bdb8f3c067bb93fe7d51f1e0178f530f268885ac","https://raw.githubusercontent.com/luukhopman/football-logos/master/logos/England%20-%20Premier%20League/Brighton%20%26%20Hove%20Albion.png","unreviewed","verify against final export"
"assets/crests/brugge.png","25712","aef445c53daf049cd755a2ae6614b8d8e83785a6fa641171d168c75f0b6de977","","unreviewed","verify against final export"
"assets/crests/cagliaricalcio.png","30733","b22ce1ef7507ac5c325557c441672343a46ae25e98ee14e791e99f601e1709cd","https://raw.githubusercontent.com/luukhopman/football-logos/master/logos/Italy%20-%20Serie%20A/Cagliari%20Calcio.png","unreviewed","verify against final export"
"assets/crests/caosasuna.png","21727","dfb35b76146380f642c9f7c5d95474711a2901eb5cc8157a9bf3dea418a49239","https://raw.githubusercontent.com/luukhopman/football-logos/master/logos/Spain%20-%20LaLiga/CA%20Osasuna.png","unreviewed","verify against final export"
"assets/crests/celtadevigo.png","12178","f357757a53ab9f9c4deac5e0a38d4764be3b214f961c17910bc93dea6067366d","https://raw.githubusercontent.com/luukhopman/football-logos/master/logos/Spain%20-%20LaLiga/Celta%20de%20Vigo.png","unreviewed","verify against final export"
"assets/crests/chelsea.png","25350","b330a1ee83b2a9cc89fc3317abd9f9da5ad4d8a5edc9e88677aaa5e99b02971b","https://raw.githubusercontent.com/luukhopman/football-logos/master/logos/England%20-%20Premier%20League/Chelsea%20FC.png","unreviewed","verify against final export"
"assets/crests/como.png","20047","2392352fa7e7bbde03e598bbe6e9b527dcecff64b46513dbeaaccdb72d083b61","","unreviewed","verify against final export"
"assets/crests/coventrycity.png","46471","b853dcff0f1dd4e125f8df9f3abadbbd26795966dd641abbe8ab7cfa1abdbe50","https://raw.githubusercontent.com/luukhopman/football-logos/master/logos/England%20-%20Premier%20League/Coventry%20City.png","unreviewed","verify against final export"
"assets/crests/crystalpalace.png","34635","2cfc4952b29b007eeacca2324e94546c4c6257776a565733d17a66f5dd436e61","https://raw.githubusercontent.com/luukhopman/football-logos/master/logos/England%20-%20Premier%20League/Crystal%20Palace.png","unreviewed","verify against final export"
"assets/crests/deportivoacoruna.png","20249","22ee580495bf3be69dd5110f872506cdd7330754ba207017025489ac364a5a23","https://raw.githubusercontent.com/luukhopman/football-logos/master/logos/Spain%20-%20LaLiga/Deportivo%20A%20Coru%C3%B1a.png","unreviewed","verify against final export"
"assets/crests/deportivoalaves.png","31032","cdb3725c224c1bd5742f084845ed6a14f407aac37807758191f225146dd47378","https://raw.githubusercontent.com/luukhopman/football-logos/master/logos/Spain%20-%20LaLiga/Deportivo%20Alav%C3%A9s.png","unreviewed","verify against final export"
"assets/crests/eintrachtfrankfurt.png","21922","66f935b1709bb9ad9b04c2a3d54c1fc98e8faa513a8c187022a996a0f11ac407","https://raw.githubusercontent.com/luukhopman/football-logos/master/logos/Germany%20-%20Bundesliga/Eintracht%20Frankfurt.png","unreviewed","verify against final export"
"assets/crests/elche.png","25343","b68b21d6583b6d791d02dba0263881516c1d9cb08c46dfd6605ad8097dfaa7c6","https://raw.githubusercontent.com/luukhopman/football-logos/master/logos/Spain%20-%20LaLiga/Elche%20CF.png","unreviewed","verify against final export"
"assets/crests/everton.png","28489","0ed1e5572f1feaa2a2da0e6c6df1265129a2d09de44f9c7367e11c0ee8b3479b","https://raw.githubusercontent.com/luukhopman/football-logos/master/logos/England%20-%20Premier%20League/Everton%20FC.png","unreviewed","verify against final export"
"assets/crests/fenerbahce.png","28640","603127920d42244c44a78dbe5082ec832ec30fcdbcd5a0088fc5f5e52867ccde","","unreviewed","verify against final export"
"assets/crests/feyenoordrotterdam.png","30999","4020fc2032181b069873f44e99d4b67b6f70c6286890ad32e19fb586ad2e6853","","unreviewed","verify against final export"
"assets/crests/freiburg.png","18342","ff998a845de9f53ad21f33326d125717bb018a2a69c26678f533e28ff357f346","https://raw.githubusercontent.com/luukhopman/football-logos/master/logos/Germany%20-%20Bundesliga/SC%20Freiburg.png","unreviewed","verify against final export"
"assets/crests/frosinonecalcio.png","25796","2ea743ce8a708e5c15fc9b0c9893787dfaf19ce2f3bec83510bee9342ec0013a","https://raw.githubusercontent.com/luukhopman/football-logos/master/logos/Italy%20-%20Serie%20A/Frosinone%20Calcio.png","unreviewed","verify against final export"
"assets/crests/fulham.png","12525","59c7c54d578e6dbc4fde4eaae88b6312f1b899da4542f86705b2b9f15917658d","https://raw.githubusercontent.com/luukhopman/football-logos/master/logos/England%20-%20Premier%20League/Fulham%20FC.png","unreviewed","verify against final export"
"assets/crests/galatasaray.png","25546","e6674d79bab5db91179821486d3916992b54163c526f945002cce62598f3f86d","","unreviewed","verify against final export"
"assets/crests/genoacfc.png","15917","9c61641924d84cd845beee535f83ab453f9186a6d4b7200cf5570279f761cd5b","https://raw.githubusercontent.com/luukhopman/football-logos/master/logos/Italy%20-%20Serie%20A/Genoa%20CFC.png","unreviewed","verify against final export"
"assets/crests/getafe.png","32235","769ba589d7ef3ff337077d1c9304a11aba9d7a409d164f15953e2b2b7cb747b3","https://raw.githubusercontent.com/luukhopman/football-logos/master/logos/Spain%20-%20LaLiga/Getafe%20CF.png","unreviewed","verify against final export"
"assets/crests/hamburger.png","11028","7fde65e3c32c050041f0442649e9e8230692c252ea5e72f48590db5b89366b80","https://raw.githubusercontent.com/luukhopman/football-logos/master/logos/Germany%20-%20Bundesliga/Hamburger%20SV.png","unreviewed","verify against final export"
"assets/crests/hullcity.png","36190","581f82057f8732388be5f8f3c59cf151e9530c25c1a0960315920e26b5e357c7","https://raw.githubusercontent.com/luukhopman/football-logos/master/logos/England%20-%20Premier%20League/Hull%20City.png","unreviewed","verify against final export"
"assets/crests/intermilan.png","13799","0a7c7da7598737572dd20295b7232ef59fc9e2d8d9454534aafef0303bdf5db5","","unreviewed","verify against final export"
"assets/crests/ipswichtown.png","29373","63d763119728296c3eea019d60386f9441e66f15ba71eb32183037a394ca2563","https://raw.githubusercontent.com/luukhopman/football-logos/master/logos/England%20-%20Premier%20League/Ipswich%20Town.png","unreviewed","verify against final export"
"assets/crests/juventus.png","3955","145a255a90898096f04a4152ebc3f9799ce0b676cf0dbcf72037dcdeb9129e17","https://raw.githubusercontent.com/luukhopman/football-logos/master/logos/Italy%20-%20Serie%20A/Juventus%20FC.png","unreviewed","verify against final export"
"assets/crests/lask.png","11530","85630672a39c2f4c68d09430d5a5727cdd4f95a337604dd232835aebeed3cf10","","unreviewed","verify against final export"
"assets/crests/leedsunited.png","29564","2c45671a5212b74e47f7a87635e1121c84ad3971c2a700b0f925b9bb0c8bf08f","https://raw.githubusercontent.com/luukhopman/football-logos/master/logos/England%20-%20Premier%20League/Leeds%20United.png","unreviewed","verify against final export"
"assets/crests/lens.png","23826","7687ad7637a9a65785dad69b247d5c1aba0747efad732702e350c67d03639496","","unreviewed","verify against final export"
"assets/crests/levanteud.png","22298","9d752afe8575ec174b6e381e449bc21bf78981655eb23d0b6fc3d200e1ac1e35","https://raw.githubusercontent.com/luukhopman/football-logos/master/logos/Spain%20-%20LaLiga/Levante%20UD.png","unreviewed","verify against final export"
"assets/crests/liverpool.png","15244","bc0cdab4ad7fca467fbaf3c5b5280c92fc517ed5ee7392595286b89e64f2e91a","","unreviewed","verify against final export"
"assets/crests/losclille.png","18715","634ff3ad567a7ec16a3f455d5bfff3d6a3a2947ec3dc55a71e037e7fa27e059c","","unreviewed","verify against final export"
"assets/crests/malaga.png","32183","27a8d41feb034d30f7131eaa6107a86a30d891b6aa0b7a698424009f4d73f7d4","https://raw.githubusercontent.com/luukhopman/football-logos/master/logos/Spain%20-%20LaLiga/M%C3%A1laga%20CF.png","unreviewed","verify against final export"
"assets/crests/manchestercity.png","30312","cc469bbafdbb900947d36d0790713b31c6527f9c298770d39848aab5fa6ff3f2","","unreviewed","verify against final export"
"assets/crests/manchesterunited.png","26455","9bfee26db13a48f5bff3e6d84fd5fc8438ad7db893b2d5f0c33e0779160d669c","","unreviewed","verify against final export"
"assets/crests/manifest.json","47340","4316c77a231f4636232fec4665f33ebbfd16e6d15b4701fef037bd48e0925533","","unreviewed","verify against final export"
"assets/crests/milan.png","24439","2dbf7c00965ede1ba39186bfc2d90e90cca069fe1129dc8f41f26b7d60a5f416","https://raw.githubusercontent.com/luukhopman/football-logos/master/logos/Italy%20-%20Serie%20A/AC%20Milan.png","unreviewed","verify against final export"
"assets/crests/monza.png","20888","bdc83a6328cead062473b161e4318b8e272ad9c664f3183da6c390c86443f8a2","https://raw.githubusercontent.com/luukhopman/football-logos/master/logos/Italy%20-%20Serie%20A/AC%20Monza.png","unreviewed","verify against final export"
"assets/crests/napoli.png","15716","7382d0fa4e186d4592c8ad9ac6fdc0973ea2f93c431fa65d5c5dbf2f1ab5eec7","","unreviewed","verify against final export"
"assets/crests/newcastleunited.png","30961","8285f36ea4c9de20cd08d568222e2c74941b1f5a01d093c4853c44abfc5a3dd7","https://raw.githubusercontent.com/luukhopman/football-logos/master/logos/England%20-%20Premier%20League/Newcastle%20United.png","unreviewed","verify against final export"
"assets/crests/nottinghamforest.png","9995","9e3dd7742337dad9922bacf188f2f93ed1ac188e280a883dc1306a19d9f955e7","https://raw.githubusercontent.com/luukhopman/football-logos/master/logos/England%20-%20Premier%20League/Nottingham%20Forest.png","unreviewed","verify against final export"
"assets/crests/paderborn07.png","10378","07a80ece1364af5ed0bbc750e14c3c67951d14e7400bddc0bf89e34fe3642d99","https://raw.githubusercontent.com/luukhopman/football-logos/master/logos/Germany%20-%20Bundesliga/SC%20Paderborn%2007.png","unreviewed","verify against final export"
"assets/crests/parissaintgermain.png","22525","deebaddea8388e3e7a356afcc4ee56078456d45c0644118c17c270029f1488f1","","unreviewed","verify against final export"
"assets/crests/parmacalcio1913.png","17161","a2997db4c885d5656f1a267226a2aa9e567ad836c3b8a184f6b21267c41958b9","https://raw.githubusercontent.com/luukhopman/football-logos/master/logos/Italy%20-%20Serie%20A/Parma%20Calcio%201913.png","unreviewed","verify against final export"
"assets/crests/porto.png","34155","af1d7d38e7615127573031cfbe1b30c564218c8e4c3829c1d02489f018af3a41","","unreviewed","verify against final export"
"assets/crests/psveindhoven.png","20336","6e729830547bd842fc40cd3e12ff15664f7e3fd2bdbbfdd5c94a697273d4ae69","","unreviewed","verify against final export"
"assets/crests/racingsantander.png","34644","c36769dab38d666f2bfa601c4bf40a5fd86b18bc867c68a7ee1b42fbf6afbab3","https://raw.githubusercontent.com/luukhopman/football-logos/master/logos/Spain%20-%20LaLiga/Racing%20Santander.png","unreviewed","verify against final export"
"assets/crests/rayovallecano.png","21504","76b7905594cf985cd131cfc5501cb268f6b83981c026f2092abcfca3d503b9f3","https://raw.githubusercontent.com/luukhopman/football-logos/master/logos/Spain%20-%20LaLiga/Rayo%20Vallecano.png","unreviewed","verify against final export"
"assets/crests/rbleipzig.png","14090","d7aff81d6e7f491547f2a2fb48b19f548b8d8ddd374bbb757798d34133546e3d","","unreviewed","verify against final export"
"assets/crests/rcdespanyolbarcelona.png","29805","d49b8ba301783bd542a0eff399817e61b10681c71a9289a60fce50941a3fdc78","https://raw.githubusercontent.com/luukhopman/football-logos/master/logos/Spain%20-%20LaLiga/RCD%20Espanyol%20Barcelona.png","unreviewed","verify against final export"
"assets/crests/realbetisbalompie.png","13390","cacc73be2c05879f7d7bd063e1deb72cf3b48d01de2c3c4cddfb0aa6ef2d6e3b","https://raw.githubusercontent.com/luukhopman/football-logos/master/logos/Spain%20-%20LaLiga/Real%20Betis%20Balompi%C3%A9.png","unreviewed","verify against final export"
"assets/crests/realmadrid.png","36650","64a3f808a067b89ad7aec392e100951a85189cc50688e11bd91d84e3f2967a1d","","unreviewed","verify against final export"
"assets/crests/realsociedad.png","26395","bf13daf42bab04cb88c67d73a5c7ef044fecb8ee9f65490260d92c0c24217c28","https://raw.githubusercontent.com/luukhopman/football-logos/master/logos/Spain%20-%20LaLiga/Real%20Sociedad.png","unreviewed","verify against final export"
"assets/crests/roma.png","27674","56b4077591336f465e9aefb0182a0627c2f17eb951559e8a34e7203af80d5d9a","","unreviewed","verify against final export"
"assets/crests/schalke04.png","14704","eaf1163ccdf2b17f38a96e6b5be5ad7f7df7e5d3345efda1c950b93251dcc58c","https://raw.githubusercontent.com/luukhopman/football-logos/master/logos/Germany%20-%20Bundesliga/FC%20Schalke%2004.png","unreviewed","verify against final export"
"assets/crests/sevilla.png","27453","202dc4bc55bb7d7675d23ba69f67b753332cf6789311b8b15b0706167fe052f0","https://raw.githubusercontent.com/luukhopman/football-logos/master/logos/Spain%20-%20LaLiga/Sevilla%20FC.png","unreviewed","verify against final export"
"assets/crests/shakhtardonetsk.png","18365","47480097a83b9164840043267532dee4886ee94696de90f5e20dc7b593ea6d66","","unreviewed","verify against final export"
"assets/crests/slaviaprague.png","9537","8e810a8c44dbe8b7c04a030bf80d797400b96eddc4b46d7a546edff7c1ecb9a3","","unreviewed","verify against final export"
"assets/crests/sportingcp.png","28815","019eb62f7d28cf96366dbd5dffd0a7827d4c477098b064a5bbd75d7a1c99e56a","","unreviewed","verify against final export"
"assets/crests/sslazio.png","10087","eb3114c7f704cda4f726d9f6d9840946ef7778cb65eb33e6a4a25ad114bdf94a","https://raw.githubusercontent.com/luukhopman/football-logos/master/logos/Italy%20-%20Serie%20A/SS%20Lazio.png","unreviewed","verify against final export"
"assets/crests/stuttgart.png","26905","76d2aa9cc7fe9272c175d8c6a37bc588808d48fcebefe29375c8f7acf64ea0cb","","unreviewed","verify against final export"
"assets/crests/sunderland.png","20952","81e31932e3b05179fd9c78d6b86ce804147a945cbe4a8bc4e83842d81b8cbd62","https://raw.githubusercontent.com/luukhopman/football-logos/master/logos/England%20-%20Premier%20League/Sunderland%20AFC.png","unreviewed","verify against final export"
"assets/crests/torino.png","27264","5f3e8d1fec7fa15e12231d6889b778ad7fc95da9b30d89b2b44103b18fb679bd","https://raw.githubusercontent.com/luukhopman/football-logos/master/logos/Italy%20-%20Serie%20A/Torino%20FC.png","unreviewed","verify against final export"
"assets/crests/tottenhamhotspur.png","7692","33b6b4f1baafcecd88f8499b250fe28ee55eaf60f67020c716b12418d4b6f555","https://raw.githubusercontent.com/luukhopman/football-logos/master/logos/England%20-%20Premier%20League/Tottenham%20Hotspur.png","unreviewed","verify against final export"
"assets/crests/tsg1899hoffenheim.png","24296","44664799e2df09cb8413e9f6b773435f1f16b926b02c322cf3f40c470da47204","https://raw.githubusercontent.com/luukhopman/football-logos/master/logos/Germany%20-%20Bundesliga/TSG%201899%20Hoffenheim.png","unreviewed","verify against final export"
"assets/crests/udinesecalcio.png","23784","224904b9168115284cc74aa6c6c4de71ff797eec93718dfe9601fd841d0a4281","https://raw.githubusercontent.com/luukhopman/football-logos/master/logos/Italy%20-%20Serie%20A/Udinese%20Calcio.png","unreviewed","verify against final export"
"assets/crests/uslecce.png","26965","03a7d871273c0a92acc4f870d1c2ef4d2bff2c0597949cfe17d4befc67a7da6b","https://raw.githubusercontent.com/luukhopman/football-logos/master/logos/Italy%20-%20Serie%20A/US%20Lecce.png","unreviewed","verify against final export"
"assets/crests/ussassuolo.png","22569","af2818ffebbfc0fd6e024971599df3426991a3d7fa50573539e8a37a9609f5dc","https://raw.githubusercontent.com/luukhopman/football-logos/master/logos/Italy%20-%20Serie%20A/US%20Sassuolo.png","unreviewed","verify against final export"
"assets/crests/valencia.png","21439","280f4c7f1611c8332c3edd31403dc6542581b338cf4bf5093bfae8cd64c33008","https://raw.githubusercontent.com/luukhopman/football-logos/master/logos/Spain%20-%20LaLiga/Valencia%20CF.png","unreviewed","verify against final export"
"assets/crests/venezia.png","5749","143991066aa669cf5e44bcf339c9216e62af75a0b454e5bd53f76156f5cf8911","https://raw.githubusercontent.com/luukhopman/football-logos/master/logos/Italy%20-%20Serie%20A/Venezia%20FC.png","unreviewed","verify against final export"
"assets/crests/viking.png","12796","bed041ee81f81fe531b1696804206ed68a81be99b6d6f7bd92b926ee6427b418","","unreviewed","verify against final export"
"assets/crests/villarreal.png","30704","14cfc14432a5c62050714be58fcf4a707849603acef9a579bfd7e274916a081e","","unreviewed","verify against final export"
"assets/crests/werderbremen.png","20811","76754f64c85552f78846117ddf82a29993f7d529edf180aa2828615aced21812","https://raw.githubusercontent.com/luukhopman/football-logos/master/logos/Germany%20-%20Bundesliga/SV%20Werder%20Bremen.png","unreviewed","verify against final export"
"assets/favicon.png","1129","a4e030697a7571b3e95d31860e4da55d2f98e5e861e2b55e414f45a8556828ba","","unreviewed","verify against final export"
"assets/flags/ALB.png","662","59119e39f06e0c00a9750843bbff8ccc1e7d08c98e86383d2714539d83e6d872","assets/flags/README.md","unreviewed","verify against final export"
"assets/flags/ALG.png","524","087be21f92f8ba6faf8661a73a20359fe59c66e811edd2205e92e8b3f15a95e3","assets/flags/README.md","unreviewed","verify against final export"
"assets/flags/ANG.png","723","d9d8b8cda90bae2775bcb25d356bf446c13ac050ba80f1dd96d0d20a4240bbf4","assets/flags/README.md","unreviewed","verify against final export"
"assets/flags/ARG.png","453","970c4b03c0e6b957ac56fbb787b21d2028bda04cc4a5b62be06d3c22243956d1","assets/flags/README.md","unreviewed","verify against final export"
"assets/flags/ARM.png","245","aef2ce20b9188e78fdbe962649cd128aa64ae1c41f7b5fbb54f641a654f6328b","assets/flags/README.md","unreviewed","verify against final export"
"assets/flags/AUS.png","835","2b2422c26ddd0cceac0df406717b0d01528cd1baf10022aab6ce201c60936abb","assets/flags/README.md","unreviewed","verify against final export"
"assets/flags/AUT.png","205","142a07dbe921b527f70fdc915d2202a11d8100603522d361b506f01d7a595229","assets/flags/README.md","unreviewed","verify against final export"
"assets/flags/AZE.png","402","b1e61ee4225e07e5479ba0f695bbe10de3b038eac989736c1ec5dc76b84b8281","assets/flags/README.md","unreviewed","verify against final export"
"assets/flags/BEL.png","247","4db2f93f655ac26ea186ddcf9a127ba7fb7b4ef42b49089540c8536e983775be","assets/flags/README.md","unreviewed","verify against final export"
"assets/flags/BFA.png","390","625eec7dc388f1a444eb572f06f955439a6390301536b0e651725bc313a78c6a","assets/flags/README.md","unreviewed","verify against final export"
"assets/flags/BIH.png","652","bbd8266fedec6e807d314d54597fc4c1aec3dec8594d2617ca3da8d9ca59c962","assets/flags/README.md","unreviewed","verify against final export"
"assets/flags/BRA.png","805","14a119a9d543f25d83b3b009dfec7076590d62d996b1bd67c11930b2a0b40789","assets/flags/README.md","unreviewed","verify against final export"
"assets/flags/CAN.png","445","6f09dd39062d1cf65728c800d67f1ab9c4c6b1bdc856ae18526802b217443974","assets/flags/README.md","unreviewed","verify against final export"
"assets/flags/CIV.png","233","aef28e6804f11b91d401d6976517fb04d86f2c5d481ce02372c63bf2be44a20b","assets/flags/README.md","unreviewed","verify against final export"
"assets/flags/CMR.png","341","e37cc4602accca311dfc37efb8238e843157145414744163b31b78b555fb6f06","assets/flags/README.md","unreviewed","verify against final export"
"assets/flags/COD.png","602","beb3a6265fad5a6a4d909df50144c41e26bbb2ea7ead033f8134791a4fb18ab9","assets/flags/README.md","unreviewed","verify against final export"
"assets/flags/COL.png","245","8921208be0cff14e8dcc88ece6ffe316c17b9be2d662fa523a69130686f6ac54","assets/flags/README.md","unreviewed","verify against final export"
"assets/flags/CPV.png","574","07ddd20b257c43af9c9f92e26ccd14058aa85a8bb029cde8b7d686ede6692cf3","assets/flags/README.md","unreviewed","verify against final export"
"assets/flags/CRO.png","722","6a6eee9391db45fb2c991889b44122866de06eeb88de6c37d96b803e11525c80","assets/flags/README.md","unreviewed","verify against final export"
"assets/flags/CUW.png","357","769ada1fc7b9d6446f9e62a646bbba830b5fb4ecf23fa9e5b4b60a28c332bdb6","assets/flags/README.md","unreviewed","verify against final export"
"assets/flags/CZE.png","549","060308e6999a030e1ec5b5a80b9de3db7fd8588968fcfbc9040216760b5c05ba","assets/flags/README.md","unreviewed","verify against final export"
"assets/flags/DEN.png","251","5a45b56eb75ed4ac6da5225a790112b035932c06b62ac6c573e9ce82700fc2a7","assets/flags/README.md","unreviewed","verify against final export"
"assets/flags/DOM.png","584","9b1b44cfa514d049c4872b3334f9b7032502ea3b3ed3b664f51990d5e56fe0fb","assets/flags/README.md","unreviewed","verify against final export"
"assets/flags/ECU.png","688","847ab3e86365c922d8c7c70b0d4d33ecb9de15253101fcd55c378532fd685ef6","assets/flags/README.md","unreviewed","verify against final export"
"assets/flags/EGY.png","461","bb8f1a7fb3897ec383438a3aa58dfb35bb920a2d3cec7b3153058d43b9468b3c","assets/flags/README.md","unreviewed","verify against final export"
"assets/flags/ENG.png","212","181e901fac19fea2dc4d1f1b72b625f917cc828de44af8ddc8936ed24063b3e7","assets/flags/README.md","unreviewed","verify against final export"
"assets/flags/ESP.png","362","258c5206d5a1614cef0ecb87094585c160f4b66e39dcf89cd995b5269c366f17","assets/flags/README.md","unreviewed","verify against final export"
"assets/flags/FIN.png","260","4baae6903c651f17c17a007c3b0e0c2066a1585003e346237198bf0f545f52d7","assets/flags/README.md","unreviewed","verify against final export"
"assets/flags/FRA.png","233","9e54f40580cb5d352fcd2806f9f446df864685047dd07947adc851d7b72889c2","assets/flags/README.md","unreviewed","verify against final export"
"assets/flags/GAB.png","244","3511f83541f05678c6759df7bd76a0176a32eacdba008e092637f4c6c6156ce0","assets/flags/README.md","unreviewed","verify against final export"
"assets/flags/GAM.png","257","89337b7b12dfdfb0b0092f2d53f1fbd5fac18b2e40134d63d4df66295486a801","assets/flags/README.md","unreviewed","verify against final export"
"assets/flags/GEO.png","313","4975ff9807dc2018a1b4c94e3c050af64a9d0cc201fbaf8f2589b5d4083ef1bd","assets/flags/README.md","unreviewed","verify against final export"
"assets/flags/GER.png","246","947a8568f7ed3bf13578cc3f5341f4e4bb8aedf86931870111fcc39661aa81cc","assets/flags/README.md","unreviewed","verify against final export"
"assets/flags/GHA.png","400","03c89f1743eb6b341fc11069c989fd5631605c88389525d53639eb0668a6a1cc","assets/flags/README.md","unreviewed","verify against final export"
"assets/flags/GLP.png","1140","e3de087934a22115b9060a4886a2a53c5a6e9c0d690919cd4a57566acd977712","assets/flags/README.md","unreviewed","verify against final export"
"assets/flags/GNB.png","426","6931dafe2a6c25da2466b8ebd715b0d5f73dbb5b1e14ffb71754a1dd75a65626","assets/flags/README.md","unreviewed","verify against final export"
"assets/flags/GRE.png","237","18a05053114b2f54fee691acfaf31c4cc1716a0b1c11806de6e21b685b812c77","assets/flags/README.md","unreviewed","verify against final export"
"assets/flags/GUI.png","233","85435ada8643848ad82c4224db31fddc299941cb0a307b4ee5f95ff2c0f2a12b","assets/flags/README.md","unreviewed","verify against final export"
"assets/flags/HON.png","344","d778b466a09f11ac91cca5dc65cd8a55fe1802368020a00f0dd8e2ec9154f763","assets/flags/README.md","unreviewed","verify against final export"
"assets/flags/HUN.png","246","8ae19ff72fe8bc393ebf13701c3df6656852b7a027741c1de2e25644bfbd491d","assets/flags/README.md","unreviewed","verify against final export"
"assets/flags/IDN.png","241","23dd88a3364612a81eb1ee814488d57b6d655a19cc3622b7ded737ba1232367c","assets/flags/README.md","unreviewed","verify against final export"
"assets/flags/IRL.png","233","797db03f48887f8676b2487fc95c82e184015415c59bec7430c42c63ab440509","assets/flags/README.md","unreviewed","verify against final export"
"assets/flags/ISL.png","229","c3ecbf2c567db6177d4744517f69f4c5242e1b7f12b9aded195775a492f387bf","assets/flags/README.md","unreviewed","verify against final export"
"assets/flags/ITA.png","233","02057aaa2ccf4d1d0b19abf870c27923e687a751e6718da9add7a99e50e85510","assets/flags/README.md","unreviewed","verify against final export"
"assets/flags/JAM.png","575","ac521a3aceea08d798fd5a82b0281e36f389b8225221e4bdafb66c483cb7e772","assets/flags/README.md","unreviewed","verify against final export"
"assets/flags/JPN.png","335","18055014f2eafc20d5a83b1af0a659b8ff8aa38e9c4aa2996750e9177588f145","assets/flags/README.md","unreviewed","verify against final export"
"assets/flags/KAZ.png","671","7ea2b29fbbded2b5d735c0332457e79d396d51c3ef4f82e6a6edd5e3aa3636b2","assets/flags/README.md","unreviewed","verify against final export"
"assets/flags/KOR.png","784","6407cc5a3e4dc5e44329c643af411f59bf883b40fc32ef444b35de784fc07528","assets/flags/README.md","unreviewed","verify against final export"
"assets/flags/KOS.png","634","c1362e3047709da5ab5d1f23273b0b8bf34d5e2787a092caa360c23ca6b6067b","assets/flags/README.md","unreviewed","verify against final export"
"assets/flags/KSA.png","612","99701b250f33674aeecf85be298afd3d0882fc9ecd978833990b040ce4ae2424","assets/flags/README.md","unreviewed","verify against final export"
"assets/flags/LBY.png","364","6c5308763bf3c07846c6d1e35f13634fe8e1366d44382c13a9554a9c8fa5b1e1","assets/flags/README.md","unreviewed","verify against final export"
"assets/flags/LICENSE-GRAPHICS","18524","8ae9438818c26e4873b91d8c6ad620526c011e27e125677f13031eda903f007c","assets/flags/README.md","unreviewed","verify against final export"
"assets/flags/LUX.png","244","6da636519ffa100bd8524685a516998bc8136c7b313927e1dc77a9bfd693f9c0","assets/flags/README.md","unreviewed","verify against final export"
"assets/flags/MAR.png","372","17b97247569dfc2df8b57270b47c94953b7944a2775d369e7485d65e3bf9c49b","assets/flags/README.md","unreviewed","verify against final export"
"assets/flags/MEX.png","737","63144b9a81d914f9330c1fb4df1ca06726282acc261d6cb6ce4ce4739ee0a7f5","assets/flags/README.md","unreviewed","verify against final export"
"assets/flags/MLI.png","233","c7519e2d94567d02abd1709f2cdc138254fc840cd5dcb59fe6ca83f31634da8c","assets/flags/README.md","unreviewed","verify against final export"
"assets/flags/MNE.png","634","b94c3515d87c1cbf30f02f06e950f55800f7f0ace897e14c18427a75793200f3","assets/flags/README.md","unreviewed","verify against final export"
"assets/flags/MOZ.png","774","8ec3d0086b970660a735132ac8fa7dd8871431f8bffd8697d16302139c001bbd","assets/flags/README.md","unreviewed","verify against final export"
"assets/flags/MTN.png","502","8da6f4884785d4e86ab5a471af6476c4b370352732035e209d368aa79f18afa0","assets/flags/README.md","unreviewed","verify against final export"
"assets/flags/NED.png","244","b4f7acb449484eeeb000ee5bef67e7a3ae0f96f42e16c86997b99e4ee4e0129b","assets/flags/README.md","unreviewed","verify against final export"
"assets/flags/NGA.png","208","e4f6cb7625dbceb4b19f5d081a0deb942eefa54182d51186b244d44d5cad8f2f","assets/flags/README.md","unreviewed","verify against final export"
"assets/flags/NOR.png","229","a69b9904447c62b2a8c08680d86b7c1ddc960bcebe8da18e1fbb63c7d1e22ca1","assets/flags/README.md","unreviewed","verify against final export"
"assets/flags/NZL.png","749","6449c611f2184b0d85c6a41ea051b590927785f1339f4f416e3470f9361e0341","assets/flags/README.md","unreviewed","verify against final export"
"assets/flags/PAN.png","470","c03c2e6c9f8fe648eeec0c832a41529c6fa8b1b42bb2767589fba976a288cc37","assets/flags/README.md","unreviewed","verify against final export"
"assets/flags/PAR.png","590","e3a80dd06ea522933bd845c056a04f843cfd6d075afafe46e83dff3606dd256b","assets/flags/README.md","unreviewed","verify against final export"
"assets/flags/POL.png","239","0e03c9edee215621cc7617175c87203d92017b9c3bd526c49f2bf39620a5b020","assets/flags/README.md","unreviewed","verify against final export"
"assets/flags/POR.png","719","ee44265e04af8f7f8773b82a87ede4adb3b878143aab8e4d6fe3e49df7210451","assets/flags/README.md","unreviewed","verify against final export"
"assets/flags/README.md","336","82f1ee315bb80827df9190e368475e4dc67c5eee8c9801cdc6bfd312eac6063d","assets/flags/README.md","unreviewed","verify against final export"
"assets/flags/ROU.png","233","60c2e8f558a4cf8493e6d7c4e4ba45e206da0c30004a72e30b1807a95027075d","assets/flags/README.md","unreviewed","verify against final export"
"assets/flags/RSA.png","677","5939028a0758be783a8904254f4e423d7d630985ea3c97c6631985e4c8cb5890","assets/flags/README.md","unreviewed","verify against final export"
"assets/flags/RUS.png","246","ca8b79adfa2c335f9ffda48e79259a64d39e99afa0407e4a4f06ef46d6fb1e0b","assets/flags/README.md","unreviewed","verify against final export"
"assets/flags/RWA.png","563","e6c59ce046123a84911c85e39b4377eb1d1f4ec30ffaf24b97b20715d5eca1dc","assets/flags/README.md","unreviewed","verify against final export"
"assets/flags/SCO.png","493","33bb7e98c75635cb1d4949f96f0aebd08813427691747cb31bf43f7370c8fbd3","assets/flags/README.md","unreviewed","verify against final export"
"assets/flags/SEN.png","353","f432c5cb1409c0825727849e8a4a7bdbaf972e157dbee2b06692f20fa5f04604","assets/flags/README.md","unreviewed","verify against final export"
"assets/flags/SRB.png","900","ef5aef66e91802dd6f83e9e28e46639994c12494df5fc2f0c99360b4b29753d0","assets/flags/README.md","unreviewed","verify against final export"
"assets/flags/SUI.png","220","ea149c6874744c008b33134934b11eaa4492fe01b1c26cb4cde8e3e4bdcfe20e","assets/flags/README.md","unreviewed","verify against final export"
"assets/flags/SUR.png","385","23388e7dc7c62a477f4463c2a669d747fc873f612a25542b54d7ec48f2715be3","assets/flags/README.md","unreviewed","verify against final export"
"assets/flags/SVK.png","691","dbe63a1a040fa55490bbc6ea03e7c75b923e59fe2c21a975c8f9f5c8ec46238e","assets/flags/README.md","unreviewed","verify against final export"
"assets/flags/SVN.png","627","a94ad25ec667e7c405033127393cc88b7bae49a38ebfb12cd82dd4ce811e8503","assets/flags/README.md","unreviewed","verify against final export"
"assets/flags/SWE.png","256","7e9b50496b5dd03eefb49422e3450f559b579d8f0b40521317a769335a5b0104","assets/flags/README.md","unreviewed","verify against final export"
"assets/flags/TUN.png","423","8853646bb5f1f46741fc9d8c5f7d85ac60d729cf029e26d2b596fc43387fb76e","assets/flags/README.md","unreviewed","verify against final export"
"assets/flags/TUR.png","436","70c497d2d13591f68be524395926114125a29b38bbefa4e31cde02928f526964","assets/flags/README.md","unreviewed","verify against final export"
"assets/flags/UKR.png","239","e2ed844ad7a54214a1dc40e4c32996d2e1f90848cd34194ae53415934c4a32ac","assets/flags/README.md","unreviewed","verify against final export"
"assets/flags/URU.png","616","8f1dcdf6575692dfe21742817c58c3276be2c384c83630f085bfa5052f2b5f17","assets/flags/README.md","unreviewed","verify against final export"
"assets/flags/USA.png","350","f21f8537b9b087805efd4334b8f0904aa547ba84c2c6a647d002fef16f42aa26","assets/flags/README.md","unreviewed","verify against final export"
"assets/flags/UZB.png","439","a9de5bb087d4b460bf66b0bd8325f59daedeb4f3ff74fa2d357e2539b255da43","assets/flags/README.md","unreviewed","verify against final export"
"assets/flags/VEN.png","452","0663741aa0d36e32115541a8f02f347eb1f81ca282e1d7324bb38587edf5bfd2","assets/flags/README.md","unreviewed","verify against final export"
"assets/flags/WAL.png","969","b06c17badbb710aef7210ca117cd9f64cef5a80cfbc733f1d5397787ce3eb7cf","assets/flags/README.md","unreviewed","verify against final export"
"assets/fonts/cormorant/Cormorant-Bold.ttf","379552","4aac6692622129830acd6ad17d0699d9f8872c06a9da6dfb1bffdf66dbe5d610","assets/fonts/cormorant/OFL.txt","unreviewed","verify against final export"
"assets/fonts/cormorant/Cormorant-BoldItalic.ttf","233416","b4f576dca2678381d28e06de85db82dd01a384b9bc9ec4acbd5e34e1458cc822","assets/fonts/cormorant/OFL.txt","unreviewed","verify against final export"
"assets/fonts/cormorant/Cormorant-Italic.ttf","233612","4f09e3d0a4fc1618b0359843d86b3d2e07e3b36537acc5c3968774e99b43196e","assets/fonts/cormorant/OFL.txt","unreviewed","verify against final export"
"assets/fonts/cormorant/Cormorant-Light.ttf","378592","78bd5910dfe76490253ba03171187507a1c766e64fbf05bd5d35f37aa153b75f","assets/fonts/cormorant/OFL.txt","unreviewed","verify against final export"
"assets/fonts/cormorant/Cormorant-LightItalic.ttf","233312","746d58ca99a06a8c2400b2faf7c57e058d7aaea23139c6037d224630c46d7f50","assets/fonts/cormorant/OFL.txt","unreviewed","verify against final export"
"assets/fonts/cormorant/Cormorant-Medium.ttf","379956","9ee47bb1016db0c792d632c43aec84f1039b9951af3ff489e77014d1c26f1c74","assets/fonts/cormorant/OFL.txt","unreviewed","verify against final export"
"assets/fonts/cormorant/Cormorant-MediumItalic.ttf","233724","aa6fedbeefb5206f4473c307a92e1d6afb229a64201f45f15f51004776d736d0","assets/fonts/cormorant/OFL.txt","unreviewed","verify against final export"
"assets/fonts/cormorant/Cormorant-Regular.ttf","379468","e6d68b0f96426f3c595493f66ad0d3045070c7ba15fdad6d8ea1f15c0f9e48b9","assets/fonts/cormorant/OFL.txt","unreviewed","verify against final export"
"assets/fonts/cormorant/Cormorant-SemiBold.ttf","379960","aca80e163594574b29c7be376bb58f33dfded6385a8fee3ec8e3f56f5f8afb40","assets/fonts/cormorant/OFL.txt","unreviewed","verify against final export"
"assets/fonts/cormorant/Cormorant-SemiBoldItalic.ttf","233844","4413d8fc690a740562a20ccdbeb73bb12afcdb086d950463852ae437fa664e05","assets/fonts/cormorant/OFL.txt","unreviewed","verify against final export"
"assets/fonts/cormorant/OFL.txt","4480","201278899bd5fc0f479b404a4abe45e11798887b916d7cbb5ff26b67c8bf2be8","assets/fonts/cormorant/OFL.txt","unreviewed","verify against final export"
"assets/icon.png","393493","119462bb78eb240a65c869fc067ee599639b3cb5a41953f25c07b17d2a8c7e0f","","unreviewed","verify against final export"
"assets/players/alessia-russo.jpg","83851","18d2f23ca65995ba0238a8fc8d73d40c00cfd53bb1e9e8c1c6118e5c65ea1c2e","","unreviewed","verify against final export"
"assets/players/alisson.jpg","108578","fc5c3aa748a0a1d0b36cb2b0171b349c1a50dfa7a33bb078f3d61a6b4a68c5f7","","unreviewed","verify against final export"
"assets/players/beckham.jpg","43724","fd9d636b90bff05b94fc2d4e0648fd2fee3bf380ca963bc22d05c387f390ed52","","unreviewed","verify against final export"
"assets/players/bellingham.jpg","86426","d220e8529dbbbb11edaafd7433779f8baad276d36e0fbb43a2b213cd2d93003a","","unreviewed","verify against final export"
"assets/players/benzema.jpg","35378","fde2cd9f40745fa5d08d4922a3dc073123afe0a69b3ce9f8806471033bf5a196","","unreviewed","verify against final export"
"assets/players/bonmati.jpg","79601","45deaeece20d5950c37f253b5efcaf900cd15ff77f5eaecbe0aacb7652cf9888","","unreviewed","verify against final export"
"assets/players/bronze.jpg","84978","e19b494549d523caed3818c368155bd2445a0a6550fcc231fb5c70b9feebee5c","","unreviewed","verify against final export"
"assets/players/buffon.jpg","88956","42e42f2d9f1c4d80ee9020250472c478d5e00217295a8e73f716249305cf29f3","","unreviewed","verify against final export"
"assets/players/caicedo.jpg","25397","a74e4ee5785c1006e798f531ab20ed590535d739a18a7a29c82f15f8e4d0a0a1","","unreviewed","verify against final export"
"assets/players/casillas.jpg","72584","24a45b4b7ba547c87fe04ff595bbbb6a1685685555fef0b40e70df7dff450a82","","unreviewed","verify against final export"
"assets/players/cech.jpg","38785","0cd73d258c0f3390b13d1276aa757ae92bcd31bf91376e40aeda0a925d5c45a2","","unreviewed","verify against final export"
"assets/players/chloe-kelly.jpg","88739","6bbc902431c55c0fcff0a0dba3868e53eef85723826d8e98d9f02d9ead28a200","","unreviewed","verify against final export"
"assets/players/courtois.jpg","107050","261cb305bd94c1adaf9d6bb1a7d990d83065c5d76f48b70b52d0c4310159db92","","unreviewed","verify against final export"
"assets/players/de-bruyne.jpg","98167","44e09a2b6ecd5c8df683c8fa28640b413a8d59daaabd990088bf761636da8ba4","","unreviewed","verify against final export"
"assets/players/dembele.jpg","127280","690ec9290274bde7fd2de147ddd0f762a32a6f45be1ae9dd97d4cb02fbf2312a","","unreviewed","verify against final export"
"assets/players/drogba.jpg","68067","03cf90c1a1400f8dd05a96faa68faebbd91cd0525abf004229c91be53c1422ea","","unreviewed","verify against final export"
"assets/players/earps.jpg","63267","dc69dc51085185a00d619fee6209016f0c60e9bae082d2708e80e55ebc5c5467","","unreviewed","verify against final export"
"assets/players/fernandes.jpg","77517","1b42b8e1d4728762215d7f0c98ec4679d89f8f8c0d77de2448c06b4b7a2cfa40","","unreviewed","verify against final export"
"assets/players/foden.jpg","83339","ec1584cdf8f4cc7bc481ece39ea46d8a0627216debc9f862ac7587c65310aa0b","","unreviewed","verify against final export"
"assets/players/gerrard.jpg","196757","9fd471c0861396cf69eb8cc1ba73182b4dbd83d1cad024d91cfda711dcff1654","","unreviewed","verify against final export"
"assets/players/graham-hansen.jpg","103744","50d6c4407ccd7a4c97b9f580a1d2d2d9dbf05c46e0d4828fb0375e76a40230a6","","unreviewed","verify against final export"
"assets/players/griezmann.jpg","61415","028b285b098943008411d3c33da3ee6134a45e7739579e1efdabe6c2d0fea729","","unreviewed","verify against final export"
"assets/players/hampton.jpg","108558","1d218c8424d29ce79516a666ddd14d6c7a298abdce98d135ce0d54d76677cfee","","unreviewed","verify against final export"
"assets/players/harder.jpg","84289","ac0f8afe1cd689edfc5979ff72cac59cb2c442d1f32904873b5304313fc37bb4","","unreviewed","verify against final export"
"assets/players/hegerberg.jpg","83292","2c5c73481745f37300b99934e371e8b6ed0f5f17197a1fc6b01239f04bdf0fe1","","unreviewed","verify against final export"
"assets/players/hemp.jpg","71195","93db6722a1851c4413c90d3f292980471865bd6667153182ea940e0e23f46c4d","","unreviewed","verify against final export"
"assets/players/henry.jpg","86025","6625343da95f9c8871ef474f51d05c9b38f04a32fd42ed463165a1838a50680e","","unreviewed","verify against final export"
"assets/players/iniesta.jpg","76079","1d851645af91f46c102dcbcec81eb9557a6b5aa808015d2fc004aeabb1b330f1","","unreviewed","verify against final export"
"assets/players/kahn.jpg","63901","6e38028a7723a5e1b2d52f3ce5d221992666d11a893e47842963b82892e6b055","","unreviewed","verify against final export"
"assets/players/kaka.jpg","82087","66ba52a93428ebc7d604c4b560ad5a536421b93e76c6b00ced9c417e908a630d","","unreviewed","verify against final export"
"assets/players/kane.jpg","88930","61ca6925236fd474069664d2a41bc6d5126f3b56f36e6ff6e04090bc338b27d0","","unreviewed","verify against final export"
"assets/players/kerr.jpg","105500","e8d3ae077e7a517ca5f06072bf68f7bf5f6e744752760098bee57d7d13f2d95f","","unreviewed","verify against final export"
"assets/players/kroos.jpg","48987","669bfa94e3c3c43cda2729d7c4828ab165fc0411491592418a36e67e523b763f","","unreviewed","verify against final export"
"assets/players/lauren-james.jpg","127311","470a0028a8f70f1435675fee5fdecea61c82ee39ccbb65eaca086f2df758738a","","unreviewed","verify against final export"
"assets/players/lautaro.jpg","80384","5f198cbfcbfbb36bc119f60567d0867e82f39328ce7af0b8f2cc494b6922a54f","","unreviewed","verify against final export"
"assets/players/lavelle.jpg","99927","f4da1424b8235625d0cfbc0dd8c36385de8dcd04dd006c954b393e7841bd8466","","unreviewed","verify against final export"
"assets/players/lewandowski.jpg","80858","6b36ed37c5753d97ec237786bafa26558bd3768d312b634964cd9d55746dc28d","","unreviewed","verify against final export"
"assets/players/mane.jpg","91970","d6a58050e4879e360133fb8ad26a244371cca602e7a5e56ebeec0be1f0f7ad54","","unreviewed","verify against final export"
"assets/players/manifest.json","102913","5341ebf84e850697f4c1e8b27291fa406a3ca4d63fffc989525aa8ce09e69047","","unreviewed","verify against final export"
"assets/players/maradona.jpg","97504","1f5563e842acfa4f85528ee3a83c45cda8a63dedbfd334e32151cba28d844a6c","","unreviewed","verify against final export"
"assets/players/marta.jpg","85314","9cd3c2f0e188d174b59dd5e9d207fdeb039c0dde128671815dd699185af39a6e","","unreviewed","verify against final export"
"assets/players/mead.jpg","123821","6256ded9dccb45473d43f83a9b709feb7da2acea7dff04bd6215597e03fb0eee","","unreviewed","verify against final export"
"assets/players/miedema.jpg","139965","a416511f877be8cf87a3bf4663fe2e908c43e8a8aa85b8e0bf954817ac87afad","","unreviewed","verify against final export"
"assets/players/modric.jpg","94725","b4d2915717b99f25fb6db9b05db259c9c8fa203d85d044a827ada748dbd9eef4","","unreviewed","verify against final export"
"assets/players/morgan.jpg","88034","98751e4a431c61a9940f3c396e4782aff49048d28bdd89b55f47d8d2507d92e4","","unreviewed","verify against final export"
"assets/players/musiala.jpg","113636","88462a3b3b9612ddd43e910905007b431dc648ad9c0ff0c3718562b5dca63a96","","unreviewed","verify against final export"
"assets/players/neuer.jpg","82218","cee5412e30db8c9677657f4e3f3815164bfa6188e0629cfde7b7d5f635ede1e7","","unreviewed","verify against final export"
"assets/players/neymar.jpg","104138","bcad129fdfe45ef48c03fd84617fefb6d8d76ae7b79765eed6774e495db85ed7","","unreviewed","verify against final export"
"assets/players/oblak.jpg","84333","4c8987444443430c8c8d6cdfd06a116947ee734d76b7904f82f1bf41eb6d7dda","","unreviewed","verify against final export"
"assets/players/osimhen.jpg","89608","2551180eaa70b38aea4e08a4ce6f8d8ed23977263281378a3993a894a81dbb86","","unreviewed","verify against final export"
"assets/players/palmer.jpg","257735","fdac11b381959a58d1c38d2bceb5c85bcb1ba71619a921ddd44b34a533d10eb0","","unreviewed","verify against final export"
"assets/players/paralluelo.jpg","91108","7ec7566ba22842918d9ec10ee3cefdd388ba8214d9b72394583ea734ca33a1bf","","unreviewed","verify against final export"
"assets/players/pedri.jpg","119411","5067165ec05289459c741620ffffed0fb40084469fd0ed326d62e0f0035e4d86","","unreviewed","verify against final export"
"assets/players/pele.jpg","102481","5697f065847351a1ed64543c87d0f882ec53ccb6d3fff64aad70da3958e2598b","","unreviewed","verify against final export"
"assets/players/pirlo.jpg","226378","8b1fa873c7de7f757f8a7190b8ca1eef3aac7dc98e0841422bbf8b869457c049","","unreviewed","verify against final export"
"assets/players/putellas.jpg","101607","a56563489fcf1f2f0bd008fe21be069b84a00717b9177c50654cf611d50b33b7","","unreviewed","verify against final export"
"assets/players/puyol.jpg","82436","0e6a44a8ab6e447e613a75025d01c4fc703a80e99859b01d210495ad9ea19d30","","unreviewed","verify against final export"
"assets/players/ramos.jpg","46601","e2449b5ae0a40067ff812b750dfa8a9dc57679f908cfc495eaa9787b62949b71","","unreviewed","verify against final export"
"assets/players/rapinoe.jpg","75148","83ba9412c5d0c76e109e8d73388d68791d1623ccbcf5cc69b96b95d8139d3e27","","unreviewed","verify against final export"
"assets/players/renard.jpg","22628","f4681ebaa7759c7eb6104ebf2f6be93886e51389a24f6284f635fb2a65a69461","","unreviewed","verify against final export"
"assets/players/rice.jpg","88776","9a280ae76fb44f42e97a42039b2b260ddd58ff54feb0adc73009eb17c64408aa","","unreviewed","verify against final export"
"assets/players/rivaldo.jpg","85416","076e60b955b651c6f447a2f5de5450a0d38c75d6190ed9f383c2122593b1ba81","","unreviewed","verify against final export"
"assets/players/roberto-carlos.jpg","64355","5388e42a1b7ae6f0e36d2a6d74b4c610ccb148c661a14084c222185c53efb25d","","unreviewed","verify against final export"
"assets/players/rodri.jpg","93584","3bdff1963e62dd8d7569f7c304dbe14cef349db0f208648495e565809c38aef8","","unreviewed","verify against final export"
"assets/players/ronaldinho.jpg","90054","095979b9ea8402c15143ed55d3dcab560d0a4483fb5589dfaaf634423194af46","","unreviewed","verify against final export"
"assets/players/ronaldo-brazil.jpg","95416","374f495cfae57d3dddf2761cc67499f77b526a2b3f471c61c9be83ea6c12c19d","","unreviewed","verify against final export"
"assets/players/saka.jpg","81188","07209c37a869ea1f337ca7d72cbe502cdaa2b1ee5ad8f570516938478c593c42","","unreviewed","verify against final export"
"assets/players/schmeichel.jpg","54701","77849f3071bbed9440720531c6080f33ab58ee4afde3024f8d87c03763789132","","unreviewed","verify against final export"
"assets/players/shaw.jpg","43507","2199093961b09f2b200e7d3e98179aba7e1a810ffe3804f8fe7f432441faf1ea","","unreviewed","verify against final export"
"assets/players/son.jpg","65250","38f4405ceef502fab1940b6c0cb26e01798f4a2eaf0d6c3bc1e8f54681a3f980","","unreviewed","verify against final export"
"assets/players/stanway.jpg","81467","1b4a085caf6673b047efa1d3da29c473350868e098241ba1976b93ed641e632b","","unreviewed","verify against final export"
"assets/players/suarez.jpg","65029","e74632291b161e6d3a560c6de42cb49af15948deda699bcb72a3fa7af7d74046","","unreviewed","verify against final export"
"assets/players/totti.jpg","80530","cb5b4593d86a12906e0ca19dc54095078cc4f6b1af0b097a75383c8837090cbb","","unreviewed","verify against final export"
"assets/players/van-der-sar.jpg","52760","16f4c3e13ced2f931638a1c7b69394dcb4244d17f2fc8a76f5e008af9d453075","","unreviewed","verify against final export"
"assets/players/van-dijk.jpg","79045","0b9c07f5c30a293aab5b4e5f68b4dc4d8f12215e86ebacda48fc128e1c6b96f4","","unreviewed","verify against final export"
"assets/players/vinicius.jpg","100968","cadf59823fa5f0586601e7a6178f9c252a6a6774d4a2ebd7d9ed7ee5eef85962","","unreviewed","verify against final export"
"assets/players/walsh.jpg","83854","1f438a81a615f1a3596de882620700249e07b11f6aae430a9b918cdf023dbc67","","unreviewed","verify against final export"
"assets/players/williamson.jpg","82890","cd274e98c09ffdff29e7b1d0d12cd0f675abdcff6041ec07a87d6347add49693","","unreviewed","verify against final export"
"assets/players/wirtz.jpg","100104","476fc9b5a563750c7b7749acbbf2e081f1bd4e70b1ddcd93b9469d5368ac3ef1","","unreviewed","verify against final export"
"assets/players/yamal.jpg","112219","8e519326d525c70965dccba0cdbe9802fc87ba4d6568561031fa36e808a1ee63","","unreviewed","verify against final export"
"assets/players/zidane.jpg","115858","3ac37e5975be3dea05909f24e66dea382710c0e031a64263c79e0774181dc676","","unreviewed","verify against final export"
"assets/players/zlatan.jpg","86537","69c377c110d40d9daf8a0b79361e8167f7fe502b6446c73632b982fbd35f75ec","","unreviewed","verify against final export"
"assets/splash-icon.png","17547","5f4c0a732b6325bf4071d9124d2ae67e037cb24fcc9c482ef82bea742109a3b8","","unreviewed","verify against final export"
"assets/stadiums/bernabeu.jpg","270503","f1059e7672590f6bf02e53e25e387c49f934bed6e2c2fa77426f54b068fb8430","","unreviewed","verify against final export"
"assets/stadiums/camp-nou.jpg","170436","7d8bc283c2615ebb5d0c1820d00ab7f2f4d36ea329bb39891ae2da51dc9e67bb","","unreviewed","verify against final export"
"assets/stadiums/da-luz.jpg","195039","56339b888a6cc3a9e86a550f2c11215c1fab9b3d2271c30159b6438d7041cf17","","unreviewed","verify against final export"
"assets/stadiums/manifest.json","8900","25c97e2e42d1c08715b21290699aa5d4af45306c7f96187e26f4e015356cb298","","unreviewed","verify against final export"
"assets/stadiums/olympiastadion.jpg","187640","2ddd2252c9d8b0fba18db44ca4d0fa7cab47edbe7cc1c57af82994425e910526","","unreviewed","verify against final export"
"assets/stadiums/san-siro.jpg","201844","6c15c1acd419ba631c2aa42f536eb80274bf351bd551eeb9bb21a27db73fbcd6","","unreviewed","verify against final export"
"assets/stadiums/stade-france.jpg","262408","eaaefa8a5d42750a489fa4a30b44640ca9b788a2a103ff94c7d734da7d67266c","","unreviewed","verify against final export"
"assets/visual/allianz.jpg","145243","c5663704936c6862c571ec636ebc36e916331faca0ed00154159217718b5c70e","src/content/asset-register.json; match asset manually","unreviewed","verify against final export"
"assets/visual/credits.json","2748","1621c4f825c0d517412fbdb8993cb8a3009674eb3a47a09e8f2a72bfcbac5312","src/content/asset-register.json; match asset manually","unreviewed","verify against final export"
"assets/visual/haaland.jpg","732787","21d8be671d379a44902cf6d7208af0dc524a47c03829dd8d8bc68d2bca7bb2f0","src/content/asset-register.json; match asset manually","unreviewed","verify against final export"
"assets/visual/maracana.jpg","283308","b66fa5f060078a12c829291108cb01c39b70b6f6decdcbedf9342b832b8c9340","src/content/asset-register.json; match asset manually","unreviewed","verify against final export"
"assets/visual/mbappe.jpg","146728","99bd07a6123142f06205c87712c7ccf9d19cfee37da0a3006cc31fd3313d45e5","src/content/asset-register.json; match asset manually","unreviewed","verify against final export"
"assets/visual/messi.jpg","578583","6ab70c051dd3a46da69e1c33eb275504c6f386841717f0b6bd9b1946804363f0","src/content/asset-register.json; match asset manually","unreviewed","verify against final export"
"assets/visual/ronaldo.jpg","403094","5e0eb8786ebac6b55c91f2ca9819283ed4bc012bfb83d657642a1b988ae0ffb0","src/content/asset-register.json; match asset manually","unreviewed","verify against final export"
"assets/visual/salah.jpg","337828","6b2031c01e4c892864077e2be118443887c8ed15f3be5fadb4dc05a647aefafc","src/content/asset-register.json; match asset manually","unreviewed","verify against final export"
"assets/visual/wembley.png","2913896","143a1375100818ad36d33dd5f9a5b9fd618e18c09668fbebb9032c68dc711282","src/content/asset-register.json; match asset manually","unreviewed","verify against final export"
"assets/wrong.wav","7982","cb33f150b981a7903b73c78698b7d0fcbeffd0eb2039f1bc2b5cfb2cbe06118e","","unreviewed","verify against final export"
