"id","player","chapter","filename","pilot"
"messi","Lionel Messi","stars","messi.png","yes"
"ronaldo","Cristiano Ronaldo","stars","ronaldo.png","no"
"mbappe","Kylian Mbappé","stars","mbappe.png","no"
"salah","Mohamed Salah","stars","salah.png","no"
"haaland","Erling Haaland","stars","haaland.png","no"
"kane","Harry Kane","stars","kane.png","no"
"de-bruyne","Kevin De Bruyne","stars","de-bruyne.png","no"
"modric","Luka Modrić","stars","modric.png","no"
"lewandowski","Robert Lewandowski","stars","lewandowski.png","no"
"vinicius","Vinícius Júnior","stars","vinicius.png","no"
"bellingham","Jude Bellingham","stars","bellingham.png","no"
"bonmati","Aitana Bonmatí","women","bonmati.png","yes"
"putellas","Alexia Putellas","women","putellas.png","no"
"kerr","Sam Kerr","women","kerr.png","no"
"hegerberg","Ada Hegerberg","women","hegerberg.png","no"
"renard","Wendie Renard","women","renard.png","no"
"bronze","Lucy Bronze","women","bronze.png","no"
"marta","Marta","women","marta.png","no"
"ronaldinho","Ronaldinho","legends","ronaldinho.png","yes"
"zidane","Zinedine Zidane","legends","zidane.png","no"
"henry","Thierry Henry","legends","henry.png","no"
"drogba","Didier Drogba","legends","drogba.png","no"
"iniesta","Andrés Iniesta","legends","iniesta.png","no"
"buffon","Gianluigi Buffon","legends","buffon.png","no"
"kaka","Kaká","legends","kaka.png","no"
